Workbook

Sheet sell_low
B1: 1 | C1: 2 | D1: 3 | E1: 4 | F1: 5 | G1: 6 | H1: 7 | I1: 8 | J1: 9 | K1: 10 | L1: 11 | M1: 12
A2: 9 | B2: 0.998 | C2: 0.996 | D2: 0.996 | E2: 0.998 | F2: 0.996 | G2: 0.996 | H2: 0.996 | I2: 0.996 | J2: 0.996 | K2: 0.996 | L2: 0.996 | M2: 0.996
A3: 10 | B3: 0.998 | C3: 0.996 | D3: 0.996 | E3: 0.998 | F3: 0.996 | G3: 0.996 | H3: 0.996 | I3: 0.996 | J3: 0.996 | K3: 0.996 | L3: 0.996 | M3: 0.996
A4: 11 | B4: 0.996 | C4: 0.995 | D4: 0.995 | E4: 0.996 | F4: 0.995 | G4: 0.995 | H4: 0.995 | I4: 0.995 | J4: 0.995 | K4: 0.995 | L4: 0.995 | M4: 0.995
A5: 12 | B5: 0.996 | C5: 0.995 | D5: 0.995 | E5: 0.996 | F5: 0.995 | G5: 0.995 | H5: 0.995 | I5: 0.995 | J5: 0.995 | K5: 0.995 | L5: 0.995 | M5: 0.995
A6: 13 | B6: 0.996 | C6: 0.995 | D6: 0.995 | E6: 0.996 | F6: 0.995 | G6: 0.995 | H6: 0.995 | I6: 0.995 | J6: 0.995 | K6: 0.995 | L6: 0.995 | M6: 0.995
A7: 14 | B7: 0.996 | C7: 0.995 | D7: 0.995 | E7: 0.996 | F7: 0.995 | G7: 0.995 | H7: 0.995 | I7: 0.995 | J7: 0.995 | K7: 0.995 | L7: 0.995 | M7: 0.995
A8: 15 | B8: 0.998 | C8: 0.995 | D8: 0.995 | E8: 0.998 | F8: 0.996 | G8: 0.996 | H8: 0.996 | I8: 0.996 | J8: 0.996 | K8: 0.996 | L8: 0.996 | M8: 0.996
A9: 16 | B9: 0.998 | C9: 0.995 | D9: 0.995 | E9: 0.998 | F9: 0.996 | G9: 0.996 | H9: 0.996 | I9: 0.996 | J9: 0.996 | K9: 0.996 | L9: 0.996 | M9: 0.996

Sheet sell_high
B1: 1 | C1: 2 | D1: 3 | E1: 4 | F1: 5 | G1: 6 | H1: 7 | I1: 8 | J1: 9 | K1: 10 | L1: 11 | M1: 12
A2: 9 | B2: =sell_low!B2+0.001 -> 0.999 | C2: =sell_low!C2+0.001 -> 0.997 | D2: =sell_low!D2+0.001 -> 0.997 | E2: =sell_low!E2+0.001 -> 0.999 | F2: =sell_low!F2+0.001 -> 0.997 | G2: =sell_low!G2+0.001 -> 0.997 | H2: =sell_low!H2+0.001 -> 0.997 | I2: =sell_low!I2+0.001 -> 0.997 | ... M2: =sell_low!M2+0.001 -> 0.997
A3: 10 | B3: =sell_low!B3+0.001 -> 0.999 | C3: =sell_low!C3+0.001 -> 0.997 | D3: =sell_low!D3+0.001 -> 0.997 | E3: =sell_low!E3+0.001 -> 0.999 | F3: =sell_low!F3+0.001 -> 0.997 | G3: =sell_low!G3+0.001 -> 0.997 | H3: =sell_low!H3+0.001 -> 0.997 | I3: =sell_low!I3+0.001 -> 0.997 | ... M3: =sell_low!M3+0.001 -> 0.997
A4: 11 | B4: =sell_low!B4+0.001 -> 0.997 | C4: =sell_low!C4+0.001 -> 0.996 | D4: =sell_low!D4+0.001 -> 0.996 | E4: =sell_low!E4+0.001 -> 0.997 | F4: =sell_low!F4+0.001 -> 0.996 | G4: =sell_low!G4+0.001 -> 0.996 | H4: =sell_low!H4+0.001 -> 0.996 | I4: =sell_low!I4+0.001 -> 0.996 | ... M4: =sell_low!M4+0.001 -> 0.996
A5: 12 | B5: =sell_low!B5+0.001 -> 0.997 | C5: =sell_low!C5+0.001 -> 0.996 | D5: =sell_low!D5+0.001 -> 0.996 | E5: =sell_low!E5+0.001 -> 0.997 | F5: =sell_low!F5+0.001 -> 0.996 | G5: =sell_low!G5+0.001 -> 0.996 | H5: =sell_low!H5+0.001 -> 0.996 | I5: =sell_low!I5+0.001 -> 0.996 | ... M5: =sell_low!M5+0.001 -> 0.996
A6: 13 | B6: =sell_low!B6+0.001 -> 0.997 | C6: =sell_low!C6+0.001 -> 0.996 | D6: =sell_low!D6+0.001 -> 0.996 | E6: =sell_low!E6+0.001 -> 0.997 | F6: =sell_low!F6+0.001 -> 0.996 | G6: =sell_low!G6+0.001 -> 0.996 | H6: =sell_low!H6+0.001 -> 0.996 | I6: =sell_low!I6+0.001 -> 0.996 | ... M6: =sell_low!M6+0.001 -> 0.996
A7: 14 | B7: =sell_low!B7+0.001 -> 0.997 | C7: =sell_low!C7+0.001 -> 0.996 | D7: =sell_low!D7+0.001 -> 0.996 | E7: =sell_low!E7+0.001 -> 0.997 | F7: =sell_low!F7+0.001 -> 0.996 | G7: =sell_low!G7+0.001 -> 0.996 | H7: =sell_low!H7+0.001 -> 0.996 | I7: =sell_low!I7+0.001 -> 0.996 | ... M7: =sell_low!M7+0.001 -> 0.996
A8: 15 | B8: =sell_low!B8+0.001 -> 0.999 | C8: =sell_low!C8+0.001 -> 0.996 | D8: =sell_low!D8+0.001 -> 0.996 | E8: =sell_low!E8+0.001 -> 0.999 | F8: =sell_low!F8+0.001 -> 0.997 | G8: =sell_low!G8+0.001 -> 0.997 | H8: =sell_low!H8+0.001 -> 0.997 | I8: =sell_low!I8+0.001 -> 0.997 | ... M8: =sell_low!M8+0.001 -> 0.997
A9: 16 | B9: =sell_low!B9+0.001 -> 0.999 | C9: =sell_low!C9+0.001 -> 0.996 | D9: =sell_low!D9+0.001 -> 0.996 | E9: =sell_low!E9+0.001 -> 0.999 | F9: =sell_low!F9+0.001 -> 0.997 | G9: =sell_low!G9+0.001 -> 0.997 | H9: =sell_low!H9+0.001 -> 0.997 | I9: =sell_low!I9+0.001 -> 0.997 | ... M9: =sell_low!M9+0.001 -> 0.997

Sheet buy_low
B1: 1 | C1: 2 | D1: 3 | E1: 4 | F1: 5 | G1: 6 | H1: 7 | I1: 8 | J1: 9 | K1: 10 | L1: 11 | M1: 12
A2: 9 | B2: =(1+(1-sell_high!B2)) -> 1.001 | C2: =(1+(1-sell_high!C2)) -> 1.003 | D2: =(1+(1-sell_high!D2)) -> 1.003 | E2: =(1+(1-sell_high!E2)) -> 1.001 | F2: =(1+(1-sell_high!F2)) -> 1.003 | G2: =(1+(1-sell_high!G2)) -> 1.003 | H2: =(1+(1-sell_high!H2)) -> 1.003 | I2: =(1+(1-sell_high!I2)) -> 1.003 | ... M2: =(1+(1-sell_high!M2)) -> 1.003
A3: 10 | B3: =(1+(1-sell_high!B3)) -> 1.001 | C3: =(1+(1-sell_high!C3)) -> 1.003 | D3: =(1+(1-sell_high!D3)) -> 1.003 | E3: =(1+(1-sell_high!E3)) -> 1.001 | F3: =(1+(1-sell_high!F3)) -> 1.003 | G3: =(1+(1-sell_high!G3)) -> 1.003 | H3: =(1+(1-sell_high!H3)) -> 1.003 | I3: =(1+(1-sell_high!I3)) -> 1.003 | ... M3: =(1+(1-sell_high!M3)) -> 1.003
A4: 11 | B4: =(1+(1-sell_high!B4)) -> 1.003 | C4: =(1+(1-sell_high!C4)) -> 1.004 | D4: =(1+(1-sell_high!D4)) -> 1.004 | E4: =(1+(1-sell_high!E4)) -> 1.003 | F4: =(1+(1-sell_high!F4)) -> 1.004 | G4: =(1+(1-sell_high!G4)) -> 1.004 | H4: =(1+(1-sell_high!H4)) -> 1.004 | I4: =(1+(1-sell_high!I4)) -> 1.004 | ... M4: =(1+(1-sell_high!M4)) -> 1.004
A5: 12 | B5: =(1+(1-sell_high!B5)) -> 1.003 | C5: =(1+(1-sell_high!C5)) -> 1.004 | D5: =(1+(1-sell_high!D5)) -> 1.004 | E5: =(1+(1-sell_high!E5)) -> 1.003 | F5: =(1+(1-sell_high!F5)) -> 1.004 | G5: =(1+(1-sell_high!G5)) -> 1.004 | H5: =(1+(1-sell_high!H5)) -> 1.004 | I5: =(1+(1-sell_high!I5)) -> 1.004 | ... M5: =(1+(1-sell_high!M5)) -> 1.004
A6: 13 | B6: =(1+(1-sell_high!B6)) -> 1.003 | C6: =(1+(1-sell_high!C6)) -> 1.004 | D6: =(1+(1-sell_high!D6)) -> 1.004 | E6: =(1+(1-sell_high!E6)) -> 1.003 | F6: =(1+(1-sell_high!F6)) -> 1.004 | G6: =(1+(1-sell_high!G6)) -> 1.004 | H6: =(1+(1-sell_high!H6)) -> 1.004 | I6: =(1+(1-sell_high!I6)) -> 1.004 | ... M6: =(1+(1-sell_high!M6)) -> 1.004
A7: 14 | B7: =(1+(1-sell_high!B7)) -> 1.003 | C7: =(1+(1-sell_high!C7)) -> 1.004 | D7: =(1+(1-sell_high!D7)) -> 1.004 | E7: =(1+(1-sell_high!E7)) -> 1.003 | F7: =(1+(1-sell_high!F7)) -> 1.004 | G7: =(1+(1-sell_high!G7)) -> 1.004 | H7: =(1+(1-sell_high!H7)) -> 1.004 | I7: =(1+(1-sell_high!I7)) -> 1.004 | ... M7: =(1+(1-sell_high!M7)) -> 1.004
A8: 15 | B8: =(1+(1-sell_high!B8)) -> 1.001 | C8: =(1+(1-sell_high!C8)) -> 1.004 | D8: =(1+(1-sell_high!D8)) -> 1.004 | E8: =(1+(1-sell_high!E8)) -> 1.001 | F8: =(1+(1-sell_high!F8)) -> 1.003 | G8: =(1+(1-sell_high!G8)) -> 1.003 | H8: =(1+(1-sell_high!H8)) -> 1.003 | I8: =(1+(1-sell_high!I8)) -> 1.003 | ... M8: =(1+(1-sell_high!M8)) -> 1.003
A9: 16 | B9: =(1+(1-sell_high!B9)) -> 1.001 | C9: =(1+(1-sell_high!C9)) -> 1.004 | D9: =(1+(1-sell_high!D9)) -> 1.004 | E9: =(1+(1-sell_high!E9)) -> 1.001 | F9: =(1+(1-sell_high!F9)) -> 1.003 | G9: =(1+(1-sell_high!G9)) -> 1.003 | H9: =(1+(1-sell_high!H9)) -> 1.003 | I9: =(1+(1-sell_high!I9)) -> 1.003 | ... M9: =(1+(1-sell_high!M9)) -> 1.003

Sheet buy_high
B1: 1 | C1: 2 | D1: 3 | E1: 4 | F1: 5 | G1: 6 | H1: 7 | I1: 8 | J1: 9 | K1: 10 | L1: 11 | M1: 12
A2: 9 | B2: =(1+(1-sell_low!B2)) -> 1.002 | C2: =(1+(1-sell_low!C2)) -> 1.004 | D2: =(1+(1-sell_low!D2)) -> 1.004 | E2: =(1+(1-sell_low!E2)) -> 1.002 | F2: =(1+(1-sell_low!F2)) -> 1.004 | G2: =(1+(1-sell_low!G2)) -> 1.004 | H2: =(1+(1-sell_low!H2)) -> 1.004 | I2: =(1+(1-sell_low!I2)) -> 1.004 | ... M2: =(1+(1-sell_low!M2)) -> 1.004
A3: 10 | B3: =(1+(1-sell_low!B3)) -> 1.002 | C3: =(1+(1-sell_low!C3)) -> 1.004 | D3: =(1+(1-sell_low!D3)) -> 1.004 | E3: =(1+(1-sell_low!E3)) -> 1.002 | F3: =(1+(1-sell_low!F3)) -> 1.004 | G3: =(1+(1-sell_low!G3)) -> 1.004 | H3: =(1+(1-sell_low!H3)) -> 1.004 | I3: =(1+(1-sell_low!I3)) -> 1.004 | ... M3: =(1+(1-sell_low!M3)) -> 1.004
A4: 11 | B4: =(1+(1-sell_low!B4)) -> 1.004 | C4: =(1+(1-sell_low!C4)) -> 1.005 | D4: =(1+(1-sell_low!D4)) -> 1.005 | E4: =(1+(1-sell_low!E4)) -> 1.004 | F4: =(1+(1-sell_low!F4)) -> 1.005 | G4: =(1+(1-sell_low!G4)) -> 1.005 | H4: =(1+(1-sell_low!H4)) -> 1.005 | I4: =(1+(1-sell_low!I4)) -> 1.005 | ... M4: =(1+(1-sell_low!M4)) -> 1.005
A5: 12 | B5: =(1+(1-sell_low!B5)) -> 1.004 | C5: =(1+(1-sell_low!C5)) -> 1.005 | D5: =(1+(1-sell_low!D5)) -> 1.005 | E5: =(1+(1-sell_low!E5)) -> 1.004 | F5: =(1+(1-sell_low!F5)) -> 1.005 | G5: =(1+(1-sell_low!G5)) -> 1.005 | H5: =(1+(1-sell_low!H5)) -> 1.005 | I5: =(1+(1-sell_low!I5)) -> 1.005 | ... M5: =(1+(1-sell_low!M5)) -> 1.005
A6: 13 | B6: =(1+(1-sell_low!B6)) -> 1.004 | C6: =(1+(1-sell_low!C6)) -> 1.005 | D6: =(1+(1-sell_low!D6)) -> 1.005 | E6: =(1+(1-sell_low!E6)) -> 1.004 | F6: =(1+(1-sell_low!F6)) -> 1.005 | G6: =(1+(1-sell_low!G6)) -> 1.005 | H6: =(1+(1-sell_low!H6)) -> 1.005 | I6: =(1+(1-sell_low!I6)) -> 1.005 | ... M6: =(1+(1-sell_low!M6)) -> 1.005
A7: 14 | B7: =(1+(1-sell_low!B7)) -> 1.004 | C7: =(1+(1-sell_low!C7)) -> 1.005 | D7: =(1+(1-sell_low!D7)) -> 1.005 | E7: =(1+(1-sell_low!E7)) -> 1.004 | F7: =(1+(1-sell_low!F7)) -> 1.005 | G7: =(1+(1-sell_low!G7)) -> 1.005 | H7: =(1+(1-sell_low!H7)) -> 1.005 | I7: =(1+(1-sell_low!I7)) -> 1.005 | ... M7: =(1+(1-sell_low!M7)) -> 1.005
A8: 15 | B8: =(1+(1-sell_low!B8)) -> 1.002 | C8: =(1+(1-sell_low!C8)) -> 1.005 | D8: =(1+(1-sell_low!D8)) -> 1.005 | E8: =(1+(1-sell_low!E8)) -> 1.002 | F8: =(1+(1-sell_low!F8)) -> 1.004 | G8: =(1+(1-sell_low!G8)) -> 1.004 | H8: =(1+(1-sell_low!H8)) -> 1.004 | I8: =(1+(1-sell_low!I8)) -> 1.004 | ... M8: =(1+(1-sell_low!M8)) -> 1.004
A9: 16 | B9: =(1+(1-sell_low!B9)) -> 1.002 | C9: =(1+(1-sell_low!C9)) -> 1.005 | D9: =(1+(1-sell_low!D9)) -> 1.005 | E9: =(1+(1-sell_low!E9)) -> 1.002 | F9: =(1+(1-sell_low!F9)) -> 1.004 | G9: =(1+(1-sell_low!G9)) -> 1.004 | H9: =(1+(1-sell_low!H9)) -> 1.004 | I9: =(1+(1-sell_low!I9)) -> 1.004 | ... M9: =(1+(1-sell_low!M9)) -> 1.004
